run_id,scenario,workload,config,problems,warmup,iters,seed,persistent_ctas,mode,prep_ms,kernel_ms,tflops,tiles,grid_ctas,launches,tail_share
1,grid_workload_config,small,64x64x16,256,10,50,42,0,none,0.041,0.041,0.830,300,144,1,0.103
1,grid_workload_config,small,64x64x16,256,10,50,42,0,sort_by_k,0.056,0.039,0.876,300,144,1,0.035
1,grid_workload_config,small,64x64x16,256,10,50,42,0,sort_by_tiles,0.064,0.037,0.930,300,144,1,0.035
1,grid_workload_config,small,64x64x16,256,10,50,42,0,sort_by_tiles_then_k,0.140,0.036,0.959,300,144,1,0.035
1,grid_workload_config,small,64x64x16,256,10,50,42,0,baseline_per_problem,0.000,3.434,0.010,300,0,256,0.000
2,grid_workload_config,small,128x64x32,256,10,50,42,0,none,0.040,0.070,0.490,300,72,1,0.100
2,grid_workload_config,small,128x64x32,256,10,50,42,0,sort_by_k,0.048,0.067,0.514,300,72,1,0.061
2,grid_workload_config,small,128x64x32,256,10,50,42,0,sort_by_tiles,0.047,0.068,0.509,300,72,1,0.061
2,grid_workload_config,small,128x64x32,256,10,50,42,0,sort_by_tiles_then_k,0.059,0.067,0.509,300,72,1,0.061
2,grid_workload_config,small,128x64x32,256,10,50,42,0,baseline_per_problem,0.000,3.502,0.010,300,0,256,0.000
3,grid_workload_config,small,64x128x32,256,10,50,42,0,none,0.053,0.062,0.558,256,72,1,0.105
3,grid_workload_config,small,64x128x32,256,10,50,42,0,sort_by_k,0.052,0.059,0.586,256,72,1,0.071
3,grid_workload_config,small,64x128x32,256,10,50,42,0,sort_by_tiles,0.065,0.058,0.593,256,72,1,0.071
3,grid_workload_config,small,64x128x32,256,10,50,42,0,sort_by_tiles_then_k,0.058,0.058,0.589,256,72,1,0.071
3,grid_workload_config,small,64x128x32,256,10,50,42,0,baseline_per_problem,0.000,3.829,0.009,256,0,256,0.000
4,grid_workload_config,mixed,64x64x16,256,10,50,42,0,none,0.048,0.111,2.561,620,144,1,0.123
4,grid_workload_config,mixed,64x64x16,256,10,50,42,0,sort_by_k,0.084,0.104,2.741,620,144,1,0.012
4,grid_workload_config,mixed,64x64x16,256,10,50,42,0,sort_by_tiles,0.094,0.108,2.626,620,144,1,0.010
4,grid_workload_config,mixed,64x64x16,256,10,50,42,0,sort_by_tiles_then_k,0.093,0.113,2.519,620,144,1,0.010
4,grid_workload_config,mixed,64x64x16,256,10,50,42,0,baseline_per_problem,0.000,3.303,0.086,620,0,256,0.000
5,grid_workload_config,mixed,128x64x32,256,10,50,42,0,none,0.064,0.140,2.033,457,72,1,0.117
5,grid_workload_config,mixed,128x64x32,256,10,50,42,0,sort_by_k,0.113,0.126,2.257,457,72,1,0.027
5,grid_workload_config,mixed,128x64x32,256,10,50,42,0,sort_by_tiles,0.052,0.136,2.094,457,72,1,0.018
5,grid_workload_config,mixed,128x64x32,256,10,50,42,0,sort_by_tiles_then_k,0.088,0.136,2.084,457,72,1,0.018
5,grid_workload_config,mixed,128x64x32,256,10,50,42,0,baseline_per_problem,0.000,3.692,0.077,457,0,256,0.000
6,grid_workload_config,mixed,64x128x32,256,10,50,42,0,none,0.059,0.152,1.877,456,72,1,0.120
6,grid_workload_config,mixed,64x128x32,256,10,50,42,0,sort_by_k,0.096,0.142,2.002,456,72,1,0.028
6,grid_workload_config,mixed,64x128x32,256,10,50,42,0,sort_by_tiles,0.110,0.144,1.977,456,72,1,0.018
6,grid_workload_config,mixed,64x128x32,256,10,50,42,0,sort_by_tiles_then_k,0.099,0.157,1.815,456,72,1,0.018
6,grid_workload_config,mixed,64x128x32,256,10,50,42,0,baseline_per_problem,0.000,3.943,0.072,456,0,256,0.000
7,grid_workload_config,tail,64x64x16,256,10,50,42,0,none,0.127,0.188,4.504,630,144,1,0.065
7,grid_workload_config,tail,64x64x16,256,10,50,42,0,sort_by_k,0.128,0.186,4.531,630,144,1,0.003
7,grid_workload_config,tail,64x64x16,256,10,50,42,0,sort_by_tiles,0.069,0.211,4.005,630,144,1,0.003
7,grid_workload_config,tail,64x64x16,256,10,50,42,0,sort_by_tiles_then_k,0.062,0.209,4.051,630,144,1,0.003
7,grid_workload_config,tail,64x64x16,256,10,50,42,0,baseline_per_problem,0.000,3.193,0.265,630,0,256,0.000
8,grid_workload_config,tail,128x64x32,256,10,50,42,0,none,0.142,0.212,3.988,447,72,1,0.069
8,grid_workload_config,tail,128x64x32,256,10,50,42,0,sort_by_k,0.194,0.198,4.276,447,72,1,0.011
8,grid_workload_config,tail,128x64x32,256,10,50,42,0,sort_by_tiles,0.132,0.259,3.261,447,72,1,0.011
8,grid_workload_config,tail,128x64x32,256,10,50,42,0,sort_by_tiles_then_k,0.117,0.290,2.917,447,72,1,0.011
8,grid_workload_config,tail,128x64x32,256,10,50,42,0,baseline_per_problem,0.000,3.755,0.225,447,0,256,0.000
9,grid_workload_config,tail,64x128x32,256,10,50,42,0,none,0.052,0.223,3.791,444,72,1,0.064
9,grid_workload_config,tail,64x128x32,256,10,50,42,0,sort_by_k,0.060,0.210,4.031,444,72,1,0.011
9,grid_workload_config,tail,64x128x32,256,10,50,42,0,sort_by_tiles,0.062,0.228,3.700,444,72,1,0.011
9,grid_workload_config,tail,64x128x32,256,10,50,42,0,sort_by_tiles_then_k,0.076,0.308,2.744,444,72,1,0.011
9,grid_workload_config,tail,64x128x32,256,10,50,42,0,baseline_per_problem,0.000,3.721,0.227,444,0,256,0.000
10,sweep_problems_mixed_64x64x16,mixed,64x64x16,64,10,50,42,0,none,0.061,0.039,2.039,162,144,1,0.110
10,sweep_problems_mixed_64x64x16,mixed,64x64x16,64,10,50,42,0,sort_by_k,0.048,0.048,1.632,162,144,1,0.019
10,sweep_problems_mixed_64x64x16,mixed,64x64x16,64,10,50,42,0,sort_by_tiles,0.054,0.042,1.881,162,144,1,0.012
10,sweep_problems_mixed_64x64x16,mixed,64x64x16,64,10,50,42,0,sort_by_tiles_then_k,0.058,0.042,1.882,162,144,1,0.012
10,sweep_problems_mixed_64x64x16,mixed,64x64x16,64,10,50,42,0,baseline_per_problem,0.000,0.614,0.129,162,0,64,0.000
11,sweep_problems_mixed_64x64x16,mixed,64x64x16,128,10,50,42,0,none,0.058,0.056,2.235,300,144,1,0.128
11,sweep_problems_mixed_64x64x16,mixed,64x64x16,128,10,50,42,0,sort_by_k,0.055,0.056,2.238,300,144,1,0.016
11,sweep_problems_mixed_64x64x16,mixed,64x64x16,128,10,50,42,0,sort_by_tiles,0.081,0.052,2.414,300,144,1,0.012
11,sweep_problems_mixed_64x64x16,mixed,64x64x16,128,10,50,42,0,sort_by_tiles_then_k,0.055,0.053,2.388,300,144,1,0.012
11,sweep_problems_mixed_64x64x16,mixed,64x64x16,128,10,50,42,0,baseline_per_problem,0.000,1.495,0.084,300,0,128,0.000
12,sweep_problems_mixed_64x64x16,mixed,64x64x16,256,10,50,42,0,none,0.038,0.102,2.785,620,144,1,0.123
12,sweep_problems_mixed_64x64x16,mixed,64x64x16,256,10,50,42,0,sort_by_k,0.086,0.095,2.992,620,144,1,0.012
12,sweep_problems_mixed_64x64x16,mixed,64x64x16,256,10,50,42,0,sort_by_tiles,0.064,0.099,2.876,620,144,1,0.010
12,sweep_problems_mixed_64x64x16,mixed,64x64x16,256,10,50,42,0,sort_by_tiles_then_k,0.055,0.100,2.849,620,144,1,0.010
12,sweep_problems_mixed_64x64x16,mixed,64x64x16,256,10,50,42,0,baseline_per_problem,0.000,3.273,0.087,620,0,256,0.000
13,sweep_problems_mixed_64x64x16,mixed,64x64x16,512,10,50,42,0,none,0.058,0.187,3.094,1220,144,1,0.093
13,sweep_problems_mixed_64x64x16,mixed,64x64x16,512,10,50,42,0,sort_by_k,0.187,0.210,2.743,1220,144,1,0.016
13,sweep_problems_mixed_64x64x16,mixed,64x64x16,512,10,50,42,0,sort_by_tiles,0.092,0.279,2.071,1220,144,1,0.012
13,sweep_problems_mixed_64x64x16,mixed,64x64x16,512,10,50,42,0,sort_by_tiles_then_k,0.160,0.638,0.905,1220,144,1,0.012
13,sweep_problems_mixed_64x64x16,mixed,64x64x16,512,10,50,42,0,baseline_per_problem,0.000,4.807,0.120,1220,0,512,0.000
14,sweep_problems_mixed_64x64x16,mixed,64x64x16,1024,10,50,42,0,none,0.115,0.383,2.986,2435,144,1,0.095
14,sweep_problems_mixed_64x64x16,mixed,64x64x16,1024,10,50,42,0,sort_by_k,0.212,0.398,2.873,2435,144,1,0.017
14,sweep_problems_mixed_64x64x16,mixed,64x64x16,1024,10,50,42,0,sort_by_tiles,0.231,0.395,2.897,2435,144,1,0.012
14,sweep_problems_mixed_64x64x16,mixed,64x64x16,1024,10,50,42,0,sort_by_tiles_then_k,0.257,0.811,1.410,2435,144,1,0.012
14,sweep_problems_mixed_64x64x16,mixed,64x64x16,1024,10,50,42,0,baseline_per_problem,0.000,13.236,0.086,2435,0,1024,0.000
15,sweep_problems_tail_128x64x32,tail,128x64x32,64,10,50,42,0,none,0.052,0.086,2.492,107,72,1,0.180
15,sweep_problems_tail_128x64x32,tail,128x64x32,64,10,50,42,0,sort_by_k,0.040,0.096,2.242,107,72,1,0.010
15,sweep_problems_tail_128x64x32,tail,128x64x32,64,10,50,42,0,sort_by_tiles,0.037,0.081,2.657,107,72,1,0.010
15,sweep_problems_tail_128x64x32,tail,128x64x32,64,10,50,42,0,sort_by_tiles_then_k,0.030,0.080,2.687,107,72,1,0.010
15,sweep_problems_tail_128x64x32,tail,128x64x32,64,10,50,42,0,baseline_per_problem,0.000,0.813,0.263,107,0,64,0.000
16,sweep_problems_tail_128x64x32,tail,128x64x32,128,10,50,42,0,none,0.034,0.145,3.310,223,72,1,0.130
16,sweep_problems_tail_128x64x32,tail,128x64x32,128,10,50,42,0,sort_by_k,0.047,0.122,3.932,223,72,1,0.009
16,sweep_problems_tail_128x64x32,tail,128x64x32,128,10,50,42,0,sort_by_tiles,0.037,0.130,3.697,223,72,1,0.009
16,sweep_problems_tail_128x64x32,tail,128x64x32,128,10,50,42,0,sort_by_tiles_then_k,0.051,0.163,2.949,223,72,1,0.009
16,sweep_problems_tail_128x64x32,tail,128x64x32,128,10,50,42,0,baseline_per_problem,0.000,1.937,0.248,223,0,128,0.000
17,sweep_problems_tail_128x64x32,tail,128x64x32,256,10,50,42,0,none,0.051,0.212,3.984,447,72,1,0.069
17,sweep_problems_tail_128x64x32,tail,128x64x32,256,10,50,42,0,sort_by_k,0.073,0.200,4.231,447,72,1,0.011
17,sweep_problems_tail_128x64x32,tail,128x64x32,256,10,50,42,0,sort_by_tiles,0.139,0.269,3.139,447,72,1,0.011
17,sweep_problems_tail_128x64x32,tail,128x64x32,256,10,50,42,0,sort_by_tiles_then_k,0.069,0.268,3.151,447,72,1,0.011
17,sweep_problems_tail_128x64x32,tail,128x64x32,256,10,50,42,0,baseline_per_problem,0.000,3.836,0.220,447,0,256,0.000
18,sweep_problems_tail_128x64x32,tail,128x64x32,512,10,50,42,0,none,0.047,0.452,3.507,867,72,1,0.101
18,sweep_problems_tail_128x64x32,tail,128x64x32,512,10,50,42,0,sort_by_k,0.088,0.702,2.257,867,72,1,0.011
18,sweep_problems_tail_128x64x32,tail,128x64x32,512,10,50,42,0,sort_by_tiles,0.181,0.741,2.139,867,72,1,0.011
18,sweep_problems_tail_128x64x32,tail,128x64x32,512,10,50,42,0,sort_by_tiles_then_k,0.109,0.731,2.168,867,72,1,0.011
18,sweep_problems_tail_128x64x32,tail,128x64x32,512,10,50,42,0,baseline_per_problem,0.000,7.642,0.207,867,0,512,0.000
19,sweep_problems_tail_128x64x32,tail,128x64x32,1024,10,50,42,0,none,0.186,1.055,2.922,1741,72,1,0.096
19,sweep_problems_tail_128x64x32,tail,128x64x32,1024,10,50,42,0,sort_by_k,0.268,1.319,2.337,1741,72,1,0.011
19,sweep_problems_tail_128x64x32,tail,128x64x32,1024,10,50,42,0,sort_by_tiles,0.271,1.363,2.262,1741,72,1,0.011
19,sweep_problems_tail_128x64x32,tail,128x64x32,1024,10,50,42,0,sort_by_tiles_then_k,0.281,1.442,2.138,1741,72,1,0.011
19,sweep_problems_tail_128x64x32,tail,128x64x32,1024,10,50,42,0,baseline_per_problem,0.000,15.253,0.202,1741,0,1024,0.000
20,sweep_persistent_mixed_128x64x32,mixed,128x64x32,512,10,50,42,0,none,0.180,0.283,2.041,915,72,1,0.094
20,sweep_persistent_mixed_128x64x32,mixed,128x64x32,512,10,50,42,0,sort_by_k,0.158,0.278,2.076,915,72,1,0.031
20,sweep_persistent_mixed_128x64x32,mixed,128x64x32,512,10,50,42,0,sort_by_tiles,0.142,0.274,2.106,915,72,1,0.018
20,sweep_persistent_mixed_128x64x32,mixed,128x64x32,512,10,50,42,0,sort_by_tiles_then_k,0.081,0.299,1.928,915,72,1,0.018
20,sweep_persistent_mixed_128x64x32,mixed,128x64x32,512,10,50,42,0,baseline_per_problem,0.000,7.142,0.081,915,0,512,0.000
21,sweep_persistent_mixed_128x64x32,mixed,128x64x32,512,10,50,42,24,none,0.049,0.459,1.258,915,24,1,0.094
21,sweep_persistent_mixed_128x64x32,mixed,128x64x32,512,10,50,42,24,sort_by_k,0.136,0.574,1.005,915,24,1,0.031
21,sweep_persistent_mixed_128x64x32,mixed,128x64x32,512,10,50,42,24,sort_by_tiles,0.122,0.616,0.937,915,24,1,0.018
21,sweep_persistent_mixed_128x64x32,mixed,128x64x32,512,10,50,42,24,sort_by_tiles_then_k,0.124,0.612,0.943,915,24,1,0.018
21,sweep_persistent_mixed_128x64x32,mixed,128x64x32,512,10,50,42,24,baseline_per_problem,0.000,8.038,0.072,915,0,512,0.000
22,sweep_persistent_mixed_128x64x32,mixed,128x64x32,512,10,50,42,48,none,0.094,0.319,1.811,915,48,1,0.094
22,sweep_persistent_mixed_128x64x32,mixed,128x64x32,512,10,50,42,48,sort_by_k,0.143,0.348,1.660,915,48,1,0.031
22,sweep_persistent_mixed_128x64x32,mixed,128x64x32,512,10,50,42,48,sort_by_tiles,0.101,0.483,1.195,915,48,1,0.018
22,sweep_persistent_mixed_128x64x32,mixed,128x64x32,512,10,50,42,48,sort_by_tiles_then_k,0.112,0.479,1.205,915,48,1,0.018
22,sweep_persistent_mixed_128x64x32,mixed,128x64x32,512,10,50,42,48,baseline_per_problem,0.000,8.077,0.071,915,0,512,0.000
23,sweep_persistent_mixed_128x64x32,mixed,128x64x32,512,10,50,42,72,none,0.060,0.276,2.090,915,72,1,0.094
23,sweep_persistent_mixed_128x64x32,mixed,128x64x32,512,10,50,42,72,sort_by_k,0.138,0.351,1.646,915,72,1,0.031
23,sweep_persistent_mixed_128x64x32,mixed,128x64x32,512,10,50,42,72,sort_by_tiles,0.165,0.548,1.053,915,72,1,0.018
23,sweep_persistent_mixed_128x64x32,mixed,128x64x32,512,10,50,42,72,sort_by_tiles_then_k,0.362,0.548,1.053,915,72,1,0.018
23,sweep_persistent_mixed_128x64x32,mixed,128x64x32,512,10,50,42,72,baseline_per_problem,0.000,8.061,0.072,915,0,512,0.000
24,sweep_persistent_mixed_128x64x32,mixed,128x64x32,512,10,50,42,96,none,0.086,0.283,2.039,915,96,1,0.094
24,sweep_persistent_mixed_128x64x32,mixed,128x64x32,512,10,50,42,96,sort_by_k,0.117,0.278,2.077,915,96,1,0.031
24,sweep_persistent_mixed_128x64x32,mixed,128x64x32,512,10,50,42,96,sort_by_tiles,0.096,0.274,2.106,915,96,1,0.018
24,sweep_persistent_mixed_128x64x32,mixed,128x64x32,512,10,50,42,96,sort_by_tiles_then_k,0.137,0.340,1.698,915,96,1,0.018
24,sweep_persistent_mixed_128x64x32,mixed,128x64x32,512,10,50,42,96,baseline_per_problem,0.000,7.993,0.072,915,0,512,0.000
25,sweep_persistent_mixed_128x64x32,mixed,128x64x32,512,10,50,42,120,none,0.063,0.279,2.069,915,120,1,0.094
25,sweep_persistent_mixed_128x64x32,mixed,128x64x32,512,10,50,42,120,sort_by_k,0.105,0.312,1.848,915,120,1,0.031
25,sweep_persistent_mixed_128x64x32,mixed,128x64x32,512,10,50,42,120,sort_by_tiles,0.119,0.447,1.292,915,120,1,0.018
25,sweep_persistent_mixed_128x64x32,mixed,128x64x32,512,10,50,42,120,sort_by_tiles_then_k,0.139,0.452,1.275,915,120,1,0.018
25,sweep_persistent_mixed_128x64x32,mixed,128x64x32,512,10,50,42,120,baseline_per_problem,0.000,8.116,0.071,915,0,512,0.000
26,sweep_persistent_mixed_128x64x32,mixed,128x64x32,512,10,50,42,144,none,0.061,0.277,2.083,915,144,1,0.094
26,sweep_persistent_mixed_128x64x32,mixed,128x64x32,512,10,50,42,144,sort_by_k,0.132,0.291,1.981,915,144,1,0.031
26,sweep_persistent_mixed_128x64x32,mixed,128x64x32,512,10,50,42,144,sort_by_tiles,0.144,0.542,1.064,915,144,1,0.018
26,sweep_persistent_mixed_128x64x32,mixed,128x64x32,512,10,50,42,144,sort_by_tiles_then_k,0.133,0.506,1.139,915,144,1,0.018
26,sweep_persistent_mixed_128x64x32,mixed,128x64x32,512,10,50,42,144,baseline_per_problem,0.000,8.154,0.071,915,0,512,0.000
27,sweep_persistent_mixed_128x64x32,mixed,128x64x32,512,10,50,42,192,none,0.049,0.276,2.090,915,192,1,0.094
27,sweep_persistent_mixed_128x64x32,mixed,128x64x32,512,10,50,42,192,sort_by_k,0.089,0.299,1.928,915,192,1,0.031
27,sweep_persistent_mixed_128x64x32,mixed,128x64x32,512,10,50,42,192,sort_by_tiles,0.095,0.298,1.937,915,192,1,0.018
27,sweep_persistent_mixed_128x64x32,mixed,128x64x32,512,10,50,42,192,sort_by_tiles_then_k,0.094,0.299,1.928,915,192,1,0.018
27,sweep_persistent_mixed_128x64x32,mixed,128x64x32,512,10,50,42,192,baseline_per_problem,0.000,7.697,0.075,915,0,512,0.000
28,sweep_persistent_tail_128x64x32,tail,128x64x32,512,10,50,42,0,none,0.170,0.444,3.574,867,72,1,0.101
28,sweep_persistent_tail_128x64x32,tail,128x64x32,512,10,50,42,0,sort_by_k,0.144,0.594,2.670,867,72,1,0.011
28,sweep_persistent_tail_128x64x32,tail,128x64x32,512,10,50,42,0,sort_by_tiles,0.126,0.672,2.359,867,72,1,0.011
28,sweep_persistent_tail_128x64x32,tail,128x64x32,512,10,50,42,0,sort_by_tiles_then_k,0.097,0.671,2.361,867,72,1,0.011
28,sweep_persistent_tail_128x64x32,tail,128x64x32,512,10,50,42,0,baseline_per_problem,0.000,7.959,0.199,867,0,512,0.000
29,sweep_persistent_tail_128x64x32,tail,128x64x32,512,10,50,42,24,none,0.050,0.605,2.620,867,24,1,0.101
29,sweep_persistent_tail_128x64x32,tail,128x64x32,512,10,50,42,24,sort_by_k,0.125,0.882,1.796,867,24,1,0.011
29,sweep_persistent_tail_128x64x32,tail,128x64x32,512,10,50,42,24,sort_by_tiles,0.116,0.859,1.845,867,24,1,0.011
29,sweep_persistent_tail_128x64x32,tail,128x64x32,512,10,50,42,24,sort_by_tiles_then_k,0.108,0.859,1.846,867,24,1,0.011
29,sweep_persistent_tail_128x64x32,tail,128x64x32,512,10,50,42,24,baseline_per_problem,0.000,7.885,0.201,867,0,512,0.000
30,sweep_persistent_tail_128x64x32,tail,128x64x32,512,10,50,42,48,none,0.064,0.449,3.529,867,48,1,0.101
30,sweep_persistent_tail_128x64x32,tail,128x64x32,512,10,50,42,48,sort_by_k,0.118,0.837,1.893,867,48,1,0.011
30,sweep_persistent_tail_128x64x32,tail,128x64x32,512,10,50,42,48,sort_by_tiles,0.164,0.776,2.042,867,48,1,0.011
30,sweep_persistent_tail_128x64x32,tail,128x64x32,512,10,50,42,48,sort_by_tiles_then_k,0.124,0.759,2.088,867,48,1,0.011
30,sweep_persistent_tail_128x64x32,tail,128x64x32,512,10,50,42,48,baseline_per_problem,0.000,7.860,0.202,867,0,512,0.000
31,sweep_persistent_tail_128x64x32,tail,128x64x32,512,10,50,42,72,none,0.059,0.438,3.619,867,72,1,0.101
31,sweep_persistent_tail_128x64x32,tail,128x64x32,512,10,50,42,72,sort_by_k,0.118,0.612,2.590,867,72,1,0.011
31,sweep_persistent_tail_128x64x32,tail,128x64x32,512,10,50,42,72,sort_by_tiles,0.122,0.682,2.326,867,72,1,0.011
31,sweep_persistent_tail_128x64x32,tail,128x64x32,512,10,50,42,72,sort_by_tiles_then_k,0.099,0.668,2.372,867,72,1,0.011
31,sweep_persistent_tail_128x64x32,tail,128x64x32,512,10,50,42,72,baseline_per_problem,0.000,8.015,0.198,867,0,512,0.000
32,sweep_persistent_tail_128x64x32,tail,128x64x32,512,10,50,42,96,none,0.111,0.421,3.763,867,96,1,0.101
32,sweep_persistent_tail_128x64x32,tail,128x64x32,512,10,50,42,96,sort_by_k,0.159,0.683,2.321,867,96,1,0.011
32,sweep_persistent_tail_128x64x32,tail,128x64x32,512,10,50,42,96,sort_by_tiles,0.101,0.680,2.333,867,96,1,0.011
32,sweep_persistent_tail_128x64x32,tail,128x64x32,512,10,50,42,96,sort_by_tiles_then_k,0.097,0.665,2.383,867,96,1,0.011
32,sweep_persistent_tail_128x64x32,tail,128x64x32,512,10,50,42,96,baseline_per_problem,0.000,7.819,0.203,867,0,512,0.000
33,sweep_persistent_tail_128x64x32,tail,128x64x32,512,10,50,42,120,none,0.050,0.435,3.640,867,120,1,0.101
33,sweep_persistent_tail_128x64x32,tail,128x64x32,512,10,50,42,120,sort_by_k,0.093,0.711,2.230,867,120,1,0.011
33,sweep_persistent_tail_128x64x32,tail,128x64x32,512,10,50,42,120,sort_by_tiles,0.133,0.767,2.067,867,120,1,0.011
33,sweep_persistent_tail_128x64x32,tail,128x64x32,512,10,50,42,120,sort_by_tiles_then_k,0.109,0.735,2.156,867,120,1,0.011
33,sweep_persistent_tail_128x64x32,tail,128x64x32,512,10,50,42,120,baseline_per_problem,0.000,7.586,0.209,867,0,512,0.000
34,sweep_persistent_tail_128x64x32,tail,128x64x32,512,10,50,42,144,none,0.063,0.420,3.776,867,144,1,0.101
34,sweep_persistent_tail_128x64x32,tail,128x64x32,512,10,50,42,144,sort_by_k,0.179,0.401,3.952,867,144,1,0.011
34,sweep_persistent_tail_128x64x32,tail,128x64x32,512,10,50,42,144,sort_by_tiles,0.095,0.396,4.005,867,144,1,0.011
34,sweep_persistent_tail_128x64x32,tail,128x64x32,512,10,50,42,144,sort_by_tiles_then_k,0.318,0.710,2.233,867,144,1,0.011
34,sweep_persistent_tail_128x64x32,tail,128x64x32,512,10,50,42,144,baseline_per_problem,0.000,7.897,0.201,867,0,512,0.000
35,sweep_persistent_tail_128x64x32,tail,128x64x32,512,10,50,42,192,none,0.060,0.420,3.773,867,192,1,0.101
35,sweep_persistent_tail_128x64x32,tail,128x64x32,512,10,50,42,192,sort_by_k,0.127,0.399,3.977,867,192,1,0.011
35,sweep_persistent_tail_128x64x32,tail,128x64x32,512,10,50,42,192,sort_by_tiles,0.182,0.598,2.651,867,192,1,0.011
35,sweep_persistent_tail_128x64x32,tail,128x64x32,512,10,50,42,192,sort_by_tiles_then_k,0.242,0.792,2.001,867,192,1,0.011
35,sweep_persistent_tail_128x64x32,tail,128x64x32,512,10,50,42,192,baseline_per_problem,0.000,7.847,0.202,867,0,512,0.000
36,sweep_seed_mixed_64x64x16,mixed,64x64x16,256,10,50,1,0,none,0.038,0.097,2.768,617,144,1,0.111
36,sweep_seed_mixed_64x64x16,mixed,64x64x16,256,10,50,1,0,sort_by_k,0.058,0.092,2.920,617,144,1,0.010
36,sweep_seed_mixed_64x64x16,mixed,64x64x16,256,10,50,1,0,sort_by_tiles,0.053,0.096,2.783,617,144,1,0.010
36,sweep_seed_mixed_64x64x16,mixed,64x64x16,256,10,50,1,0,sort_by_tiles_then_k,0.058,0.096,2.776,617,144,1,0.010
36,sweep_seed_mixed_64x64x16,mixed,64x64x16,256,10,50,1,0,baseline_per_problem,0.000,2.545,0.105,617,0,256,0.000
37,sweep_seed_mixed_64x64x16,mixed,64x64x16,256,10,50,42,0,none,0.076,0.103,2.771,620,144,1,0.123
37,sweep_seed_mixed_64x64x16,mixed,64x64x16,256,10,50,42,0,sort_by_k,0.051,0.095,2.986,620,144,1,0.012
37,sweep_seed_mixed_64x64x16,mixed,64x64x16,256,10,50,42,0,sort_by_tiles,0.078,0.099,2.868,620,144,1,0.010
37,sweep_seed_mixed_64x64x16,mixed,64x64x16,256,10,50,42,0,sort_by_tiles_then_k,0.063,0.100,2.852,620,144,1,0.010
37,sweep_seed_mixed_64x64x16,mixed,64x64x16,256,10,50,42,0,baseline_per_problem,0.000,3.083,0.092,620,0,256,0.000
38,sweep_seed_mixed_64x64x16,mixed,64x64x16,256,10,50,20260328,0,none,0.067,0.099,2.925,612,144,1,0.083
38,sweep_seed_mixed_64x64x16,mixed,64x64x16,256,10,50,20260328,0,sort_by_k,0.084,0.095,3.074,612,144,1,0.016
38,sweep_seed_mixed_64x64x16,mixed,64x64x16,256,10,50,20260328,0,sort_by_tiles,0.084,0.100,2.904,612,144,1,0.011
38,sweep_seed_mixed_64x64x16,mixed,64x64x16,256,10,50,20260328,0,sort_by_tiles_then_k,0.082,0.099,2.933,612,144,1,0.011
38,sweep_seed_mixed_64x64x16,mixed,64x64x16,256,10,50,20260328,0,baseline_per_problem,0.000,3.037,0.096,612,0,256,0.000
39,sweep_seed_mixed_64x64x16,mixed,64x64x16,256,10,50,777,0,none,0.043,0.101,2.965,593,144,1,0.078
39,sweep_seed_mixed_64x64x16,mixed,64x64x16,256,10,50,777,0,sort_by_k,0.053,0.096,3.115,593,144,1,0.015
39,sweep_seed_mixed_64x64x16,mixed,64x64x16,256,10,50,777,0,sort_by_tiles,0.053,0.103,2.903,593,144,1,0.011
39,sweep_seed_mixed_64x64x16,mixed,64x64x16,256,10,50,777,0,sort_by_tiles_then_k,0.104,0.102,2.927,593,144,1,0.011
39,sweep_seed_mixed_64x64x16,mixed,64x64x16,256,10,50,777,0,baseline_per_problem,0.000,3.489,0.086,593,0,256,0.000
40,sweep_seed_mixed_64x64x16,mixed,64x64x16,256,10,50,20260331,0,none,0.053,0.103,2.963,582,144,1,0.072
40,sweep_seed_mixed_64x64x16,mixed,64x64x16,256,10,50,20260331,0,sort_by_k,0.053,0.095,3.185,582,144,1,0.013
40,sweep_seed_mixed_64x64x16,mixed,64x64x16,256,10,50,20260331,0,sort_by_tiles,0.056,0.100,3.025,582,144,1,0.010
40,sweep_seed_mixed_64x64x16,mixed,64x64x16,256,10,50,20260331,0,sort_by_tiles_then_k,0.087,0.100,3.032,582,144,1,0.010
40,sweep_seed_mixed_64x64x16,mixed,64x64x16,256,10,50,20260331,0,baseline_per_problem,0.000,2.421,0.125,582,0,256,0.000
41,sweep_seed_tail_128x64x32,tail,128x64x32,512,10,50,1,0,none,0.062,0.397,3.954,876,72,1,0.058
41,sweep_seed_tail_128x64x32,tail,128x64x32,512,10,50,1,0,sort_by_k,0.147,0.628,2.500,876,72,1,0.011
41,sweep_seed_tail_128x64x32,tail,128x64x32,512,10,50,1,0,sort_by_tiles,0.274,0.639,2.456,876,72,1,0.011
41,sweep_seed_tail_128x64x32,tail,128x64x32,512,10,50,1,0,sort_by_tiles_then_k,0.157,0.665,2.361,876,72,1,0.011
41,sweep_seed_tail_128x64x32,tail,128x64x32,512,10,50,1,0,baseline_per_problem,0.000,7.808,0.201,876,0,512,0.000
42,sweep_seed_tail_128x64x32,tail,128x64x32,512,10,50,42,0,none,0.132,0.438,3.620,867,72,1,0.101
42,sweep_seed_tail_128x64x32,tail,128x64x32,512,10,50,42,0,sort_by_k,0.125,0.641,2.474,867,72,1,0.011
42,sweep_seed_tail_128x64x32,tail,128x64x32,512,10,50,42,0,sort_by_tiles,0.124,0.764,2.074,867,72,1,0.011
42,sweep_seed_tail_128x64x32,tail,128x64x32,512,10,50,42,0,sort_by_tiles_then_k,0.114,0.739,2.146,867,72,1,0.011
42,sweep_seed_tail_128x64x32,tail,128x64x32,512,10,50,42,0,baseline_per_problem,0.000,7.845,0.202,867,0,512,0.000
43,sweep_seed_tail_128x64x32,tail,128x64x32,512,10,50,20260328,0,none,0.064,0.383,3.829,851,72,1,0.084
43,sweep_seed_tail_128x64x32,tail,128x64x32,512,10,50,20260328,0,sort_by_k,0.112,0.369,3.982,851,72,1,0.012
43,sweep_seed_tail_128x64x32,tail,128x64x32,512,10,50,20260328,0,sort_by_tiles,0.121,0.399,3.679,851,72,1,0.012
43,sweep_seed_tail_128x64x32,tail,128x64x32,512,10,50,20260328,0,sort_by_tiles_then_k,0.103,0.658,2.231,851,72,1,0.012
43,sweep_seed_tail_128x64x32,tail,128x64x32,512,10,50,20260328,0,baseline_per_problem,0.000,7.620,0.193,851,0,512,0.000
44,sweep_seed_tail_128x64x32,tail,128x64x32,512,10,50,777,0,none,0.395,0.394,3.710,841,72,1,0.108
44,sweep_seed_tail_128x64x32,tail,128x64x32,512,10,50,777,0,sort_by_k,2.236,0.743,1.967,841,72,1,0.012
44,sweep_seed_tail_128x64x32,tail,128x64x32,512,10,50,777,0,sort_by_tiles,0.397,0.700,2.090,841,72,1,0.012
44,sweep_seed_tail_128x64x32,tail,128x64x32,512,10,50,777,0,sort_by_tiles_then_k,0.446,0.691,2.117,841,72,1,0.012
44,sweep_seed_tail_128x64x32,tail,128x64x32,512,10,50,777,0,baseline_per_problem,0.000,5.746,0.254,841,0,512,0.000
45,sweep_seed_tail_128x64x32,tail,128x64x32,512,10,50,20260331,0,none,0.092,0.414,3.920,883,72,1,0.058
45,sweep_seed_tail_128x64x32,tail,128x64x32,512,10,50,20260331,0,sort_by_k,0.128,0.776,2.093,883,72,1,0.011
45,sweep_seed_tail_128x64x32,tail,128x64x32,512,10,50,20260331,0,sort_by_tiles,0.101,0.781,2.078,883,72,1,0.011
45,sweep_seed_tail_128x64x32,tail,128x64x32,512,10,50,20260331,0,sort_by_tiles_then_k,0.127,0.744,2.183,883,72,1,0.011
45,sweep_seed_tail_128x64x32,tail,128x64x32,512,10,50,20260331,0,baseline_per_problem,0.000,7.708,0.211,883,0,512,0.000
46,sweep_warmup_iters,mixed,64x64x16,256,5,20,42,0,none,0.033,0.103,2.766,620,144,1,0.123
46,sweep_warmup_iters,mixed,64x64x16,256,5,20,42,0,sort_by_k,0.092,0.095,2.998,620,144,1,0.012
46,sweep_warmup_iters,mixed,64x64x16,256,5,20,42,0,sort_by_tiles,0.047,0.100,2.831,620,144,1,0.010
46,sweep_warmup_iters,mixed,64x64x16,256,5,20,42,0,sort_by_tiles_then_k,0.042,0.099,2.880,620,144,1,0.010
46,sweep_warmup_iters,mixed,64x64x16,256,5,20,42,0,baseline_per_problem,0.000,2.760,0.103,620,0,256,0.000
47,sweep_warmup_iters,mixed,64x64x16,256,10,50,42,0,none,0.092,0.102,2.797,620,144,1,0.123
47,sweep_warmup_iters,mixed,64x64x16,256,10,50,42,0,sort_by_k,0.084,0.095,2.987,620,144,1,0.012
47,sweep_warmup_iters,mixed,64x64x16,256,10,50,42,0,sort_by_tiles,0.082,0.099,2.870,620,144,1,0.010
47,sweep_warmup_iters,mixed,64x64x16,256,10,50,42,0,sort_by_tiles_then_k,0.068,0.100,2.851,620,144,1,0.010
47,sweep_warmup_iters,mixed,64x64x16,256,10,50,42,0,baseline_per_problem,0.000,2.623,0.108,620,0,256,0.000
48,sweep_warmup_iters,mixed,64x64x16,256,20,100,42,0,none,0.039,0.102,2.784,620,144,1,0.123
48,sweep_warmup_iters,mixed,64x64x16,256,20,100,42,0,sort_by_k,0.061,0.095,2.986,620,144,1,0.012
48,sweep_warmup_iters,mixed,64x64x16,256,20,100,42,0,sort_by_tiles,0.056,0.113,2.528,620,144,1,0.010
48,sweep_warmup_iters,mixed,64x64x16,256,20,100,42,0,sort_by_tiles_then_k,0.091,0.145,1.961,620,144,1,0.010
48,sweep_warmup_iters,mixed,64x64x16,256,20,100,42,0,baseline_per_problem,0.000,3.104,0.092,620,0,256,0.000
